{
    "utterances": [
        {
            "text": "Ciao Pippo",
            "entities": [
                {
                    "entity": "wake_word:wake_word",
                    "start": 0,
                    "end": 10,
                    "body": "Ciao Pippo",
                    "entities": []
                }
            ],
            "traits": [],
            "intent": "wake_word"
        },
        {
            "text": "Ciao pippo",
            "entities": [
                {
                    "entity": "wake_word:wake_word",
                    "start": 0,
                    "end": 10,
                    "body": "Ciao pippo",
                    "entities": []
                }
            ],
            "traits": [],
            "intent": "wake_word"
        },
        {
            "text": "ciao pipp",
            "entities": [
                {
                    "entity": "wake_word:wake_word",
                    "start": 0,
                    "end": 9,
                    "body": "ciao pipp",
                    "entities": []
                }
            ],
            "traits": [],
            "intent": "wake_word"
        },
        {
            "text": "ciao pippo",
            "entities": [
                {
                    "entity": "wake_word:wake_word",
                    "start": 0,
                    "end": 10,
                    "body": "ciao pippo",
                    "entities": []
                }
            ],
            "traits": [],
            "intent": "wake_word"
        }
    ]
}
