{
    "utterances": [
        {
            "text": "ey giarvis",
            "entities": [
                {
                    "entity": "wake_word:wake_word",
                    "start": 0,
                    "end": 10,
                    "body": "ey giarvis",
                    "entities": []
                }
            ],
            "traits": [],
            "intent": "wake_word"
        },
        {
            "text": "ey jarvis",
            "entities": [
                {
                    "entity": "wake_word:wake_word",
                    "start": 0,
                    "end": 9,
                    "body": "ey jarvis",
                    "entities": []
                }
            ],
            "traits": [],
            "intent": "wake_word"
        },
        {
            "text": "hey giarvis",
            "entities": [],
            "traits": [],
            "intent": "wake_word"
        },
        {
            "text": "hey jarvis",
            "entities": [
                {
                    "entity": "wake_word:wake_word",
                    "start": 0,
                    "end": 10,
                    "body": "hey jarvis",
                    "entities": []
                }
            ],
            "traits": [],
            "intent": "wake_word"
        }
    ]
}
